{"cameraMode":{"drawMode":0,"name":"Shaded","section":"Shading Mode"},"sceneLighting":true,"audioPlay":false,"sceneViewState":{"showFog":true,"showMaterialUpdate":false,"showSkybox":true,"showFlares":true,"showImageEffects":true,"showParticleSystems":true},"in2DMode":false,"pivot":{"x":147.27078247070313,"y":-628.8599853515625,"z":-285.6159973144531},"rotation":{"x":0.4617655575275421,"y":0.1378493756055832,"z":-0.07520969957113266,"w":0.873484194278717},"size":456.9754638671875,"orthographic":false}