{"cameraMode":{"drawMode":0,"name":"Shaded","section":"Shading Mode"},"sceneLighting":true,"audioPlay":false,"sceneViewState":{"showFog":true,"showMaterialUpdate":false,"showSkybox":true,"showFlares":true,"showImageEffects":true,"showParticleSystems":true},"in2DMode":false,"pivot":{"x":-3.4008758068084719,"y":17.561504364013673,"z":-30.817798614501954},"rotation":{"x":-0.17439156770706178,"y":-0.2632691562175751,"z":0.04921494796872139,"w":-0.948021650314331},"size":11.4613676071167,"orthographic":false}