{"cameraMode":{"drawMode":0,"name":"Shaded","section":"Shading Mode"},"sceneLighting":true,"audioPlay":false,"sceneViewState":{"showFog":true,"showMaterialUpdate":false,"showSkybox":true,"showFlares":true,"showImageEffects":true,"showParticleSystems":true},"in2DMode":false,"pivot":{"x":-2.2372684478759767,"y":-1.118011474609375,"z":2.054582118988037},"rotation":{"x":-0.12301317602396012,"y":0.6534866690635681,"z":-0.10764924436807633,"w":-0.7396760582923889},"size":11.4613676071167,"orthographic":false}