{"cameraMode":{"drawMode":0,"name":"Shaded","section":"Shading Mode"},"sceneLighting":true,"audioPlay":false,"sceneViewState":{"showFog":true,"showMaterialUpdate":false,"showSkybox":true,"showFlares":true,"showImageEffects":true,"showParticleSystems":true},"in2DMode":false,"pivot":{"x":19.624042510986329,"y":5.529443264007568,"z":7.727314472198486},"rotation":{"x":-0.056779198348522189,"y":0.3458847105503082,"z":-0.021207207813858987,"w":-0.9366676807403565},"size":1.3243958950042725,"orthographic":false}