{"cameraMode":{"drawMode":0,"name":"Shaded","section":"Shading Mode"},"sceneLighting":true,"audioPlay":false,"sceneViewState":{"showFog":true,"showMaterialUpdate":false,"showSkybox":true,"showFlares":true,"showImageEffects":true,"showParticleSystems":true},"in2DMode":false,"pivot":{"x":-2.340810775756836,"y":7.845268249511719,"z":-1.3008918762207032},"rotation":{"x":0.17227202653884889,"y":0.7831020355224609,"z":-0.25322574377059939,"w":0.5420383214950562},"size":10.0,"orthographic":false}