{"cameraMode":{"drawMode":0,"name":"Shaded","section":"Shading Mode"},"sceneLighting":true,"audioPlay":false,"sceneViewState":{"showFog":true,"showMaterialUpdate":false,"showSkybox":true,"showFlares":true,"showImageEffects":true,"showParticleSystems":true},"in2DMode":false,"pivot":{"x":-31.26517105102539,"y":13.649721145629883,"z":-13.810904502868653},"rotation":{"x":0.13217276334762574,"y":0.770022451877594,"z":-0.1733229160308838,"w":0.6003414988517761},"size":10.0,"orthographic":false}