{"cameraMode":{"drawMode":0,"name":"Shaded","section":"Shading Mode"},"sceneLighting":true,"audioPlay":false,"sceneViewState":{"showFog":true,"showMaterialUpdate":false,"showSkybox":true,"showFlares":true,"showImageEffects":true,"showParticleSystems":true},"in2DMode":false,"pivot":{"x":-4.684555530548096,"y":11.83344554901123,"z":-2.572037935256958},"rotation":{"x":0.23195308446884156,"y":0.49456530809402468,"z":-0.1416671723127365,"w":0.8260688781738281},"size":0.007395029067993164,"orthographic":false}