{"cameraMode":{"drawMode":0,"name":"Shaded","section":"Shading Mode"},"sceneLighting":true,"audioPlay":false,"sceneViewState":{"showFog":true,"showMaterialUpdate":false,"showSkybox":true,"showFlares":true,"showImageEffects":true,"showParticleSystems":true},"in2DMode":false,"pivot":{"x":-8.78003978729248,"y":0.12891900539398194,"z":10.450724601745606},"rotation":{"x":0.02433764934539795,"y":0.9610759019851685,"z":-0.2601069211959839,"w":0.08993075788021088},"size":10.0,"orthographic":false}