{"cameraMode":{"drawMode":0,"name":"Shaded","section":"Shading Mode"},"sceneLighting":true,"audioPlay":false,"sceneViewState":{"showFog":true,"showMaterialUpdate":false,"showSkybox":true,"showFlares":true,"showImageEffects":true,"showParticleSystems":true},"in2DMode":false,"pivot":{"x":-38.97644805908203,"y":-41.3563232421875,"z":35.20183563232422},"rotation":{"x":0.19790154695510865,"y":-0.5902620553970337,"z":0.15217113494873048,"w":0.7676430344581604},"size":56.91160202026367,"orthographic":false}