{"cameraMode":{"drawMode":0,"name":"Shaded","section":"Shading Mode"},"sceneLighting":true,"audioPlay":false,"sceneViewState":{"showFog":true,"showMaterialUpdate":false,"showSkybox":true,"showFlares":true,"showImageEffects":true,"showParticleSystems":true},"in2DMode":false,"pivot":{"x":-12.756171226501465,"y":-2.417485237121582,"z":-7.51979923248291},"rotation":{"x":-0.04878608509898186,"y":0.8774898648262024,"z":-0.09142055362462998,"w":-0.46826717257499697},"size":10.0,"orthographic":false}